feature,Importance
ABSENCES,0.26120576
TUTORING,0.10027668
PARENTALSUPPORT,0.088257074
SPORTS,0.07289622
MUSIC,0.07099894
VOLUNTEERING,0.07051174
EXTRACURRICULAR,0.066351935
STUDYTIMEWEEKLY,0.061850294
ETHNICITY,0.054291863
GENDER,0.053774435
PARENTALEDUCATION,0.051727355
AGE,0.04785768
